Florian Hindenlang <florian.hindenlang@ipp.mpg.de> <hindenlang@ipp.mpg.de>
Florian Hindenlang <florian.hindenlang@ipp.mpg.de> Hindenlang, Florian (ipphinde)
Florian Hindenlang <florian.hindenlang@ipp.mpg.de> <hindenlang@gmail.com>
Florian Hindenlang <florian.hindenlang@ipp.mpg.de> Florian
Florian Hindenlang <florian.hindenlang@ipp.mpg.de> fhinde
Florian Hindenlang <florian.hindenlang@ipp.mpg.de> <ipphinde@ipp.mpg.de>
Florian Hindenlang <florian.hindenlang@ipp.mpg.de> flo <flomail>
Omar Maj <omar.maj@ipp.mpg.de> omaj <Omar.Maj@ipp.mpg.de>
Jonathan Faustin <jonathan.faustin@epfl.ch> faustin
Maurice Maurer <Maurice_Maurer@gmx.de> maurice
Alejandro Banon Navarro <abanonna@ipp.mpg.de> abanonna
Robert Köberl <robert.koeberl@ipp.mpg.de> <rkoeberl@rkoeberlpc.ipp.mpg.de>
Robert Köberl <robert.koeberl@ipp.mpg.de> <rkoeberl@cx-ld-prod-094.ipp.mpg.de>
Robert Köberl <robert.koeberl@ipp.mpg.de> <rkoeberl@cx-ld-prod-061.ipp.mpg.de>
Robert Köberl <robert.koeberl@ipp.mpg.de> <rkoeberl@cx-ld-prod-035.ipp.mpg.de>
Robert Köberl <robert.koeberl@ipp.mpg.de> Robert Koeberl
